-- phpMyAdmin SQL Dump
-- version 5.1.0
-- https://www.phpmyadmin.net/
--
-- Host: 127.0.0.1:3306
-- Generation Time: Oct 23, 2021 at 08:55 PM
-- Server version: 8.0.24
-- PHP Version: 7.4.21

SET SQL_MODE = "NO_AUTO_VALUE_ON_ZERO";
START TRANSACTION;
SET time_zone = "+00:00";


/*!40101 SET @OLD_CHARACTER_SET_CLIENT=@@CHARACTER_SET_CLIENT */;
/*!40101 SET @OLD_CHARACTER_SET_RESULTS=@@CHARACTER_SET_RESULTS */;
/*!40101 SET @OLD_COLLATION_CONNECTION=@@COLLATION_CONNECTION */;
/*!40101 SET NAMES utf8mb4 */;

--
-- Database: `laravelwithtemplate`
--

-- --------------------------------------------------------

--
-- Table structure for table `authors`
--

CREATE TABLE `authors` (
  `id` bigint UNSIGNED NOT NULL,
  `name` varchar(50) COLLATE utf8mb4_unicode_ci NOT NULL,
  `image` varchar(255) COLLATE utf8mb4_unicode_ci NOT NULL,
  `created_at` timestamp NULL DEFAULT NULL,
  `updated_at` timestamp NULL DEFAULT NULL
) ENGINE=InnoDB DEFAULT CHARSET=utf8mb4 COLLATE=utf8mb4_unicode_ci;

--
-- Dumping data for table `authors`
--

INSERT INTO `authors` (`id`, `name`, `image`, `created_at`, `updated_at`) VALUES
(1, 'Roger Adams', 'person_1.jpg', NULL, NULL),
(2, 'Wizdom Jack', 'person_4.jpg', NULL, NULL),
(3, 'Adams Collier', 'person_3.jpg', NULL, NULL),
(4, 'Diego Simmons', 'person_2.jpg', NULL, NULL);

-- --------------------------------------------------------

--
-- Table structure for table `categories`
--

CREATE TABLE `categories` (
  `id` bigint UNSIGNED NOT NULL,
  `name` varchar(100) COLLATE utf8mb4_unicode_ci NOT NULL,
  `created_at` timestamp NULL DEFAULT NULL,
  `updated_at` timestamp NULL DEFAULT NULL
) ENGINE=InnoDB DEFAULT CHARSET=utf8mb4 COLLATE=utf8mb4_unicode_ci;

--
-- Dumping data for table `categories`
--

INSERT INTO `categories` (`id`, `name`, `created_at`, `updated_at`) VALUES
(1, 'Food', NULL, NULL),
(2, 'Dish', NULL, NULL),
(3, 'Desserts', NULL, NULL),
(4, 'Drinks', NULL, NULL);

-- --------------------------------------------------------

--
-- Table structure for table `category_post`
--

CREATE TABLE `category_post` (
  `id` bigint UNSIGNED NOT NULL,
  `category_id` bigint UNSIGNED NOT NULL,
  `post_id` bigint UNSIGNED NOT NULL,
  `created_at` timestamp NULL DEFAULT NULL,
  `updated_at` timestamp NULL DEFAULT NULL
) ENGINE=InnoDB DEFAULT CHARSET=utf8mb4 COLLATE=utf8mb4_unicode_ci;

--
-- Dumping data for table `category_post`
--

INSERT INTO `category_post` (`id`, `category_id`, `post_id`, `created_at`, `updated_at`) VALUES
(1, 4, 1, NULL, NULL),
(2, 3, 1, NULL, NULL),
(3, 3, 2, NULL, NULL),
(4, 2, 2, NULL, NULL),
(5, 1, 2, NULL, NULL),
(6, 1, 3, NULL, NULL),
(7, 2, 4, NULL, NULL),
(8, 3, 4, NULL, NULL);

-- --------------------------------------------------------

--
-- Table structure for table `doctors`
--

CREATE TABLE `doctors` (
  `id` bigint UNSIGNED NOT NULL,
  `name` varchar(100) COLLATE utf8mb4_unicode_ci NOT NULL,
  `speciality` varchar(50) COLLATE utf8mb4_unicode_ci NOT NULL,
  `created_at` timestamp NULL DEFAULT NULL,
  `updated_at` timestamp NULL DEFAULT NULL,
  `image` varchar(255) COLLATE utf8mb4_unicode_ci NOT NULL
) ENGINE=InnoDB DEFAULT CHARSET=utf8mb4 COLLATE=utf8mb4_unicode_ci;

--
-- Dumping data for table `doctors`
--

INSERT INTO `doctors` (`id`, `name`, `speciality`, `created_at`, `updated_at`, `image`) VALUES
(1, 'Dr. Stein Albert', 'Cardiology', NULL, NULL, 'doctor_1.jpg'),
(2, 'Dr. Alexa Melvin', 'Dental', NULL, NULL, 'doctor_2.jpg'),
(3, 'Dr. Rebecca Steffany', 'General Health', NULL, NULL, 'doctor_3.jpg'),
(4, 'Dr. Stein Albert', 'Cardiology', NULL, NULL, 'doctor_1.jpg'),
(5, 'Dr. Alexa Melvin', 'Dental', NULL, NULL, 'doctor_2.jpg'),
(6, 'Dr. Rebecca Steffany', 'General Health', NULL, NULL, 'doctor_3.jpg');

-- --------------------------------------------------------

--
-- Table structure for table `failed_jobs`
--

CREATE TABLE `failed_jobs` (
  `id` bigint UNSIGNED NOT NULL,
  `uuid` varchar(255) COLLATE utf8mb4_unicode_ci NOT NULL,
  `connection` text COLLATE utf8mb4_unicode_ci NOT NULL,
  `queue` text COLLATE utf8mb4_unicode_ci NOT NULL,
  `payload` longtext COLLATE utf8mb4_unicode_ci NOT NULL,
  `exception` longtext COLLATE utf8mb4_unicode_ci NOT NULL,
  `failed_at` timestamp NOT NULL DEFAULT CURRENT_TIMESTAMP
) ENGINE=InnoDB DEFAULT CHARSET=utf8mb4 COLLATE=utf8mb4_unicode_ci;

-- --------------------------------------------------------

--
-- Table structure for table `migrations`
--

CREATE TABLE `migrations` (
  `id` int UNSIGNED NOT NULL,
  `migration` varchar(255) COLLATE utf8mb4_unicode_ci NOT NULL,
  `batch` int NOT NULL
) ENGINE=InnoDB DEFAULT CHARSET=utf8mb4 COLLATE=utf8mb4_unicode_ci;

--
-- Dumping data for table `migrations`
--

INSERT INTO `migrations` (`id`, `migration`, `batch`) VALUES
(1, '2014_10_12_000000_create_users_table', 1),
(2, '2014_10_12_100000_create_password_resets_table', 1),
(3, '2019_08_19_000000_create_failed_jobs_table', 1),
(4, '2019_12_14_000001_create_personal_access_tokens_table', 1),
(5, '2021_10_23_163739_create_doctors_table', 1),
(6, '2021_10_23_164617_create_authors_table', 1),
(7, '2021_10_23_164759_create_categories_table', 1),
(8, '2021_10_23_164821_create_posts_table', 1),
(9, '2021_10_23_165653_create_category_posts_table', 1),
(10, '2021_10_23_165914_create_tags_table', 1),
(11, '2021_10_23_170017_create_post_tags_table', 1),
(12, '2021_10_23_170911_update_posts_table', 2),
(13, '2021_10_23_172359_update_doctors_table', 3);

-- --------------------------------------------------------

--
-- Table structure for table `password_resets`
--

CREATE TABLE `password_resets` (
  `email` varchar(255) COLLATE utf8mb4_unicode_ci NOT NULL,
  `token` varchar(255) COLLATE utf8mb4_unicode_ci NOT NULL,
  `created_at` timestamp NULL DEFAULT NULL
) ENGINE=InnoDB DEFAULT CHARSET=utf8mb4 COLLATE=utf8mb4_unicode_ci;

-- --------------------------------------------------------

--
-- Table structure for table `personal_access_tokens`
--

CREATE TABLE `personal_access_tokens` (
  `id` bigint UNSIGNED NOT NULL,
  `tokenable_type` varchar(255) COLLATE utf8mb4_unicode_ci NOT NULL,
  `tokenable_id` bigint UNSIGNED NOT NULL,
  `name` varchar(255) COLLATE utf8mb4_unicode_ci NOT NULL,
  `token` varchar(64) COLLATE utf8mb4_unicode_ci NOT NULL,
  `abilities` text COLLATE utf8mb4_unicode_ci,
  `last_used_at` timestamp NULL DEFAULT NULL,
  `created_at` timestamp NULL DEFAULT NULL,
  `updated_at` timestamp NULL DEFAULT NULL
) ENGINE=InnoDB DEFAULT CHARSET=utf8mb4 COLLATE=utf8mb4_unicode_ci;

-- --------------------------------------------------------

--
-- Table structure for table `posts`
--

CREATE TABLE `posts` (
  `id` bigint UNSIGNED NOT NULL,
  `title` varchar(200) COLLATE utf8mb4_unicode_ci NOT NULL,
  `content` varchar(5000) COLLATE utf8mb4_unicode_ci NOT NULL,
  `date` date NOT NULL,
  `comments` int NOT NULL,
  `author_id` bigint UNSIGNED NOT NULL,
  `created_at` timestamp NULL DEFAULT NULL,
  `updated_at` timestamp NULL DEFAULT NULL,
  `image` varchar(255) COLLATE utf8mb4_unicode_ci NOT NULL
) ENGINE=InnoDB DEFAULT CHARSET=utf8mb4 COLLATE=utf8mb4_unicode_ci;

--
-- Dumping data for table `posts`
--

INSERT INTO `posts` (`id`, `title`, `content`, `date`, `comments`, `author_id`, `created_at`, `updated_at`, `image`) VALUES
(1, 'List of Countries without Coronavirus case', 'Lorem ipsum dolor sit amet, consectetur adipiscing elit. Nunc sit amet est vel orci luctus sollicitudin. Duis eleifend vestibulum justo, varius semper lacus condimentum dictum. Donec pulvinar a magna ut malesuada. In posuere felis diam, vel sodales metus accumsan in. Duis viverra dui eu pharetra pellentesque. Donec a eros leo. Quisque sed ligula vitae lorem efficitur faucibus. Praesent sit amet imperdiet ante. Nulla id tellus auctor, dictum libero a, malesuada nisi. Nulla in porta nibh, id vestibulum ipsum. Praesent dapibus tempus erat quis aliquet. Donec ac purus id sapien condimentum feugiat.\r\n\r\nPraesent vel mi bibendum, finibus leo ac, condimentum arcu. Pellentesque sem ex, tristique sit amet suscipit in, mattis imperdiet enim. Integer tempus justo nec velit fringilla, eget eleifend neque blandit. Sed tempor magna sed congue auctor. Mauris eu turpis eget tortor ultricies elementum. Phasellus vel placerat orci, a venenatis justo. Phasellus faucibus venenatis nisl vitae vestibulum. Praesent id nibh arcu. Vivamus sagittis accumsan felis, quis vulputate', '2021-10-23', 8, 3, NULL, NULL, 'blog_1.jpg'),
(2, 'What is the impact of eating too much sugar?', 'Lorem ipsum dolor sit amet, consectetur adipiscing elit. Nunc sit amet est vel orci luctus sollicitudin. Duis eleifend vestibulum justo, varius semper lacus condimentum dictum. Donec pulvinar a magna ut malesuada. In posuere felis diam, vel sodales metus accumsan in. Duis viverra dui eu pharetra pellentesque. Donec a eros leo. Quisque sed ligula vitae lorem efficitur faucibus. Praesent sit amet imperdiet ante. Nulla id tellus auctor, dictum libero a, malesuada nisi. Nulla in porta nibh, id vestibulum ipsum. Praesent dapibus tempus erat quis aliquet. Donec ac purus id sapien condimentum feugiat.\r\n\r\nPraesent vel mi bibendum, finibus leo ac, condimentum arcu. Pellentesque sem ex, tristique sit amet suscipit in, mattis imperdiet enim. Integer tempus justo nec velit fringilla, eget eleifend neque blandit. Sed tempor magna sed congue auctor. Mauris eu turpis eget tortor ultricies elementum. Phasellus vel placerat orci, a venenatis justo. Phasellus faucibus venenatis nisl vitae vestibulum. Praesent id nibh arcu. Vivamus sagittis accumsan felis, quis vulputate', '2021-10-22', 5, 4, NULL, NULL, 'blog_3.jpg'),
(3, 'What are the nonmedical factors most closely linked to death risk?', 'Lorem ipsum dolor sit amet, consectetur adipiscing elit. Nunc sit amet est vel orci luctus sollicitudin. Duis eleifend vestibulum justo, varius semper lacus condimentum dictum. Donec pulvinar a magna ut malesuada. In posuere felis diam, vel sodales metus accumsan in. Duis viverra dui eu pharetra pellentesque. Donec a eros leo. Quisque sed ligula vitae lorem efficitur faucibus. Praesent sit amet imperdiet ante. Nulla id tellus auctor, dictum libero a, malesuada nisi. Nulla in porta nibh, id vestibulum ipsum. Praesent dapibus tempus erat quis aliquet. Donec ac purus id sapien condimentum feugiat.\r\n\r\nPraesent vel mi bibendum, finibus leo ac, condimentum arcu. Pellentesque sem ex, tristique sit amet suscipit in, mattis imperdiet enim. Integer tempus justo nec velit fringilla, eget eleifend neque blandit. Sed tempor magna sed congue auctor. Mauris eu turpis eget tortor ultricies elementum. Phasellus vel placerat orci, a venenatis justo. Phasellus faucibus venenatis nisl vitae vestibulum. Praesent id nibh arcu. Vivamus sagittis accumsan felis, quis vulputate', '2021-10-21', 10, 1, NULL, NULL, 'blog_4.jpg'),
(4, 'Do gut bacteria contribute to ethnic health disparities', 'At vero eos et accusamus et iusto odio dignissimos ducimus qui blanditiis praesentium voluptatum deleniti atque corrupti quos dolores et quas molestias excepturi sint occaecati cupiditate non provident, similique sunt in culpa qui officia deserunt mollitia animi, id est laborum et dolorum fuga. Et harum quidem rerum facilis est et expedita distinctio. Nam libero tempore, cum soluta nobis est eligendi optio cumque nihil impedit quo minus id quod maxime placeat facere possimus, omnis voluptas assumenda est, omnis dolor repellendus. Temporibus autem quibusdam et aut officiis debitis aut rerum necessitatibus saepe eveniet ut et voluptates repudiandae sint et molestiae non recusandae. Itaque earum rerum hic tenetur a sapiente delectus, ut aut reiciendis voluptatibus maiores alias consequatur aut perferendis doloribus asperiores repellat.', '2021-10-14', 3, 1, NULL, NULL, 'blog_5.jpg');

-- --------------------------------------------------------

--
-- Table structure for table `post_tag`
--

CREATE TABLE `post_tag` (
  `id` bigint UNSIGNED NOT NULL,
  `post_id` bigint UNSIGNED NOT NULL,
  `tag_id` bigint UNSIGNED NOT NULL,
  `created_at` timestamp NULL DEFAULT NULL,
  `updated_at` timestamp NULL DEFAULT NULL
) ENGINE=InnoDB DEFAULT CHARSET=utf8mb4 COLLATE=utf8mb4_unicode_ci;

--
-- Dumping data for table `post_tag`
--

INSERT INTO `post_tag` (`id`, `post_id`, `tag_id`, `created_at`, `updated_at`) VALUES
(1, 1, 3, NULL, NULL),
(2, 1, 2, NULL, NULL),
(3, 2, 2, NULL, NULL),
(4, 2, 1, NULL, NULL),
(5, 3, 1, NULL, NULL),
(6, 4, 3, NULL, NULL),
(7, 4, 2, NULL, NULL);

-- --------------------------------------------------------

--
-- Table structure for table `tags`
--

CREATE TABLE `tags` (
  `id` bigint UNSIGNED NOT NULL,
  `name` varchar(50) COLLATE utf8mb4_unicode_ci NOT NULL,
  `created_at` timestamp NULL DEFAULT NULL,
  `updated_at` timestamp NULL DEFAULT NULL
) ENGINE=InnoDB DEFAULT CHARSET=utf8mb4 COLLATE=utf8mb4_unicode_ci;

--
-- Dumping data for table `tags`
--

INSERT INTO `tags` (`id`, `name`, `created_at`, `updated_at`) VALUES
(1, 'sweet', NULL, NULL),
(2, 'tasty', NULL, NULL),
(3, 'menu', NULL, NULL);

-- --------------------------------------------------------

--
-- Table structure for table `users`
--

CREATE TABLE `users` (
  `id` bigint UNSIGNED NOT NULL,
  `name` varchar(255) COLLATE utf8mb4_unicode_ci NOT NULL,
  `email` varchar(255) COLLATE utf8mb4_unicode_ci NOT NULL,
  `email_verified_at` timestamp NULL DEFAULT NULL,
  `password` varchar(255) COLLATE utf8mb4_unicode_ci NOT NULL,
  `remember_token` varchar(100) COLLATE utf8mb4_unicode_ci DEFAULT NULL,
  `created_at` timestamp NULL DEFAULT NULL,
  `updated_at` timestamp NULL DEFAULT NULL
) ENGINE=InnoDB DEFAULT CHARSET=utf8mb4 COLLATE=utf8mb4_unicode_ci;

--
-- Indexes for dumped tables
--

--
-- Indexes for table `authors`
--
ALTER TABLE `authors`
  ADD PRIMARY KEY (`id`);

--
-- Indexes for table `categories`
--
ALTER TABLE `categories`
  ADD PRIMARY KEY (`id`);

--
-- Indexes for table `category_post`
--
ALTER TABLE `category_post`
  ADD PRIMARY KEY (`id`),
  ADD KEY `category_posts_category_id_foreign` (`category_id`),
  ADD KEY `category_posts_post_id_foreign` (`post_id`);

--
-- Indexes for table `doctors`
--
ALTER TABLE `doctors`
  ADD PRIMARY KEY (`id`);

--
-- Indexes for table `failed_jobs`
--
ALTER TABLE `failed_jobs`
  ADD PRIMARY KEY (`id`),
  ADD UNIQUE KEY `failed_jobs_uuid_unique` (`uuid`);

--
-- Indexes for table `migrations`
--
ALTER TABLE `migrations`
  ADD PRIMARY KEY (`id`);

--
-- Indexes for table `password_resets`
--
ALTER TABLE `password_resets`
  ADD KEY `password_resets_email_index` (`email`);

--
-- Indexes for table `personal_access_tokens`
--
ALTER TABLE `personal_access_tokens`
  ADD PRIMARY KEY (`id`),
  ADD UNIQUE KEY `personal_access_tokens_token_unique` (`token`),
  ADD KEY `personal_access_tokens_tokenable_type_tokenable_id_index` (`tokenable_type`,`tokenable_id`);

--
-- Indexes for table `posts`
--
ALTER TABLE `posts`
  ADD PRIMARY KEY (`id`),
  ADD KEY `posts_author_id_foreign` (`author_id`);

--
-- Indexes for table `post_tag`
--
ALTER TABLE `post_tag`
  ADD PRIMARY KEY (`id`),
  ADD KEY `post_tags_post_id_foreign` (`post_id`),
  ADD KEY `post_tags_tag_id_foreign` (`tag_id`);

--
-- Indexes for table `tags`
--
ALTER TABLE `tags`
  ADD PRIMARY KEY (`id`);

--
-- Indexes for table `users`
--
ALTER TABLE `users`
  ADD PRIMARY KEY (`id`),
  ADD UNIQUE KEY `users_email_unique` (`email`);

--
-- AUTO_INCREMENT for dumped tables
--

--
-- AUTO_INCREMENT for table `authors`
--
ALTER TABLE `authors`
  MODIFY `id` bigint UNSIGNED NOT NULL AUTO_INCREMENT, AUTO_INCREMENT=5;

--
-- AUTO_INCREMENT for table `categories`
--
ALTER TABLE `categories`
  MODIFY `id` bigint UNSIGNED NOT NULL AUTO_INCREMENT, AUTO_INCREMENT=5;

--
-- AUTO_INCREMENT for table `category_post`
--
ALTER TABLE `category_post`
  MODIFY `id` bigint UNSIGNED NOT NULL AUTO_INCREMENT, AUTO_INCREMENT=9;

--
-- AUTO_INCREMENT for table `doctors`
--
ALTER TABLE `doctors`
  MODIFY `id` bigint UNSIGNED NOT NULL AUTO_INCREMENT, AUTO_INCREMENT=7;

--
-- AUTO_INCREMENT for table `failed_jobs`
--
ALTER TABLE `failed_jobs`
  MODIFY `id` bigint UNSIGNED NOT NULL AUTO_INCREMENT;

--
-- AUTO_INCREMENT for table `migrations`
--
ALTER TABLE `migrations`
  MODIFY `id` int UNSIGNED NOT NULL AUTO_INCREMENT, AUTO_INCREMENT=14;

--
-- AUTO_INCREMENT for table `personal_access_tokens`
--
ALTER TABLE `personal_access_tokens`
  MODIFY `id` bigint UNSIGNED NOT NULL AUTO_INCREMENT;

--
-- AUTO_INCREMENT for table `posts`
--
ALTER TABLE `posts`
  MODIFY `id` bigint UNSIGNED NOT NULL AUTO_INCREMENT, AUTO_INCREMENT=5;

--
-- AUTO_INCREMENT for table `post_tag`
--
ALTER TABLE `post_tag`
  MODIFY `id` bigint UNSIGNED NOT NULL AUTO_INCREMENT, AUTO_INCREMENT=8;

--
-- AUTO_INCREMENT for table `tags`
--
ALTER TABLE `tags`
  MODIFY `id` bigint UNSIGNED NOT NULL AUTO_INCREMENT, AUTO_INCREMENT=4;

--
-- AUTO_INCREMENT for table `users`
--
ALTER TABLE `users`
  MODIFY `id` bigint UNSIGNED NOT NULL AUTO_INCREMENT;

--
-- Constraints for dumped tables
--

--
-- Constraints for table `category_post`
--
ALTER TABLE `category_post`
  ADD CONSTRAINT `category_posts_category_id_foreign` FOREIGN KEY (`category_id`) REFERENCES `categories` (`id`),
  ADD CONSTRAINT `category_posts_post_id_foreign` FOREIGN KEY (`post_id`) REFERENCES `posts` (`id`);

--
-- Constraints for table `posts`
--
ALTER TABLE `posts`
  ADD CONSTRAINT `posts_author_id_foreign` FOREIGN KEY (`author_id`) REFERENCES `authors` (`id`);

--
-- Constraints for table `post_tag`
--
ALTER TABLE `post_tag`
  ADD CONSTRAINT `post_tags_post_id_foreign` FOREIGN KEY (`post_id`) REFERENCES `posts` (`id`),
  ADD CONSTRAINT `post_tags_tag_id_foreign` FOREIGN KEY (`tag_id`) REFERENCES `tags` (`id`);
COMMIT;

/*!40101 SET CHARACTER_SET_CLIENT=@OLD_CHARACTER_SET_CLIENT */;
/*!40101 SET CHARACTER_SET_RESULTS=@OLD_CHARACTER_SET_RESULTS */;
/*!40101 SET COLLATION_CONNECTION=@OLD_COLLATION_CONNECTION */;
